<?xml version='1.0' encoding='utf-8'?>
<!DOCTYPE hibernate-configuration PUBLIC
        "-//Hibernate/Hibernate Configuration DTD 3.0//EN"
        "http://hibernate.sourceforge.net/hibernate-configuration-3.0.dtd">
<hibernate-configuration>
    <session-factory>

        <!-- CONEXIÓN H2 LOCAL -->
        <property name="hibernate.connection.driver_class">org.h2.Driver</property>
        <property name="hibernate.connection.url">jdbc:h2:./data/arcadeDB</property>
        <property name="hibernate.dialect">org.hibernate.dialect.H2Dialect</property>
        <property name="hibernate.connection.username">sa</property>
        <property name="hibernate.connection.password"></property>

        <!-- CONFIGURACIONES HIBERNATE -->
        <property name="hibernate.hbm2ddl.auto">update</property>
        <property name="hibernate.show_sql">true</property>
        <property name="hibernate.format_sql">true</property>

        <!-- CLASES MAPEADAS -->
        <mapping class="com.maquina3djuegos.persistence.ResultadoPartida"/>

    </session-factory>
</hibernate-configuration>
